EPIC,DATE_TIME,BID_OPEN,BID_HIGH,BID_LOW,BID_CLOSE,LTV
GBPUSD,2019-09-01 20:00:00,1.21353,1.21367,1.21353,1.21367,3
GBPUSD,2019-09-01 20:01:00,1.21368,1.21368,1.21317,1.21368,15
GBPUSD,2019-09-01 20:02:00,1.21362,1.21371,1.21316,1.21316,15
GBPUSD,2019-09-01 20:03:00,1.21371,1.21371,1.21355,1.21365,10
GBPUSD,2019-09-01 20:04:00,1.21357,1.21379,1.21330,1.21378,17
GBPUSD,2019-09-01 20:05:00,1.21379,1.21379,1.21370,1.21379,6
GBPUSD,2019-09-01 20:06:00,1.21383,1.21393,1.21379,1.21379,4
GBPUSD,2019-09-01 20:07:00,1.21386,1.21388,1.21375,1.21380,8
GBPUSD,2019-09-01 20:08:00,1.21381,1.21383,1.21379,1.21379,12
GBPUSD,2019-09-01 20:09:00,1.21350,1.21403,1.21350,1.21358,12
GBPUSD,2019-09-01 20:10:00,,,,,
GBPUSD,2019-09-01 20:11:00,,,,,
GBPUSD,2019-09-01 20:12:00,,,,,
GBPUSD,2019-09-01 20:13:00,,,,,
GBPUSD,2019-09-01 20:14:00,1.21317,1.21317,1.21317,1.21317,1
GBPUSD,2019-09-01 20:15:00,1.21308,1.21370,1.21308,1.21369,3
GBPUSD,2019-09-01 20:16:00,1.21367,1.21369,1.21367,1.21369,4
GBPUSD,2019-09-01 20:17:00,1.21370,1.21370,1.21368,1.21368,3
GBPUSD,2019-09-01 20:18:00,1.21367,1.21389,1.21317,1.21389,7
GBPUSD,2019-09-01 20:19:00,1.21372,1.21372,1.21333,1.21347,8
GBPUSD,2019-09-01 20:20:00,1.21358,1.21358,1.21358,1.21358,3
GBPUSD,2019-09-01 20:21:00,1.21351,1.21351,1.21347,1.21347,2
GBPUSD,2019-09-01 20:22:00,1.21358,1.21358,1.21358,1.21358,3
GBPUSD,2019-09-01 20:23:00,,,,,
GBPUSD,2019-09-01 20:24:00,1.21365,1.21365,1.21365,1.21365,3
GBPUSD,2019-09-01 20:25:00,1.21355,1.21355,1.21355,1.21355,10
GBPUSD,2019-09-01 20:26:00,1.21359,1.21359,1.21359,1.21359,9
GBPUSD,2019-09-01 20:27:00,1.21365,1.21368,1.21365,1.21368,11
GBPUSD,2019-09-01 20:28:00,,,,,
GBPUSD,2019-09-01 20:29:00,1.21332,1.21371,1.21332,1.21340,4
GBPUSD,2019-09-01 20:30:00,1.21371,1.21385,1.21371,1.21379,14
GBPUSD,2019-09-01 20:31:00,1.21383,1.21383,1.21359,1.21359,2
GBPUSD,2019-09-01 20:32:00,1.21383,1.21385,1.21383,1.21385,6
GBPUSD,2019-09-01 20:33:00,1.21383,1.21460,1.21383,1.21460,2
GBPUSD,2019-09-01 20:34:00,1.21459,1.21459,1.21459,1.21459,1
GBPUSD,2019-09-01 20:35:00,,,,,
GBPUSD,2019-09-01 20:36:00,1.21460,1.21460,1.21460,1.21460,
GBPUSD,2019-09-01 20:37:00,1.21459,1.21459,1.21459,1.21459,
GBPUSD,2019-09-01 20:38:00,1.21460,1.21460,1.21460,1.21460,
GBPUSD,2019-09-01 20:39:00,,,,,
GBPUSD,2019-09-01 20:40:00,1.21366,1.21461,1.21366,1.21461,3
GBPUSD,2019-09-01 20:41:00,1.21375,1.21470,1.21375,1.21470,4
GBPUSD,2019-09-01 20:42:00,1.21471,1.21471,1.21471,1.21471,3
GBPUSD,2019-09-01 20:43:00,,,,,
GBPUSD,2019-09-01 20:44:00,,,,,
GBPUSD,2019-09-01 20:45:00,,,,,
GBPUSD,2019-09-01 20:46:00,,,,,
GBPUSD,2019-09-01 20:47:00,,,,,
GBPUSD,2019-09-01 20:48:00,,,,,
GBPUSD,2019-09-01 20:49:00,1.21542,1.21542,1.21542,1.21542,1
GBPUSD,2019-09-01 20:50:00,1.21471,1.21471,1.21471,1.21471,1
GBPUSD,2019-09-01 20:51:00,1.21408,1.21408,1.21408,1.21408,1
GBPUSD,2019-09-01 20:52:00,1.21414,1.21414,1.21414,1.21414,1
GBPUSD,2019-09-01 20:53:00,1.21408,1.21408,1.21408,1.21408,1
GBPUSD,2019-09-01 20:54:00,,,,,
GBPUSD,2019-09-01 20:55:00,,,,,
GBPUSD,2019-09-01 20:56:00,1.21472,1.21512,1.21472,1.21512,2
GBPUSD,2019-09-01 20:57:00,1.21506,1.21509,1.21506,1.21509,3
GBPUSD,2019-09-01 20:58:00,,,,,
GBPUSD,2019-09-01 20:59:00,1.21475,1.21475,1.21475,1.21475,1
GBPUSD,2019-09-01 21:00:00,,,,,
GBPUSD,2019-09-01 21:01:00,1.21400,1.21414,1.21396,1.21397,25
GBPUSD,2019-09-01 21:02:00,1.21386,1.21474,1.21374,1.21474,22
GBPUSD,2019-09-01 21:03:00,1.21479,1.21479,1.21479,1.21479,1
GBPUSD,2019-09-01 21:04:00,1.21474,1.21479,1.21342,1.21409,15
GBPUSD,2019-09-01 21:05:00,1.21417,1.21489,1.21324,1.21383,44
GBPUSD,2019-09-01 21:06:00,1.21421,1.21431,1.21420,1.21431,7
GBPUSD,2019-09-01 21:07:00,1.21430,1.21431,1.21408,1.21408,16
GBPUSD,2019-09-01 21:08:00,1.21414,1.21429,1.21409,1.21415,34
GBPUSD,2019-09-01 21:09:00,1.21417,1.21459,1.21410,1.21443,18
GBPUSD,2019-09-01 21:10:00,1.21415,1.21423,1.21411,1.21415,8
GBPUSD,2019-09-01 21:11:00,1.21411,1.21411,1.21409,1.21409,3
GBPUSD,2019-09-01 21:12:00,1.21411,1.21424,1.21387,1.21399,29
GBPUSD,2019-09-01 21:13:00,1.21398,1.21415,1.21398,1.21408,20
GBPUSD,2019-09-01 21:14:00,1.21406,1.21421,1.21388,1.21388,26
GBPUSD,2019-09-01 21:15:00,1.21419,1.21430,1.21359,1.21412,42
GBPUSD,2019-09-01 21:16:00,1.21403,1.21433,1.21396,1.21416,30
GBPUSD,2019-09-01 21:17:00,1.21417,1.21431,1.21416,1.21421,26
GBPUSD,2019-09-01 21:18:00,1.21423,1.21431,1.21423,1.21430,13
GBPUSD,2019-09-01 21:19:00,1.21431,1.21431,1.21421,1.21430,20
GBPUSD,2019-09-01 21:20:00,1.21421,1.21431,1.21421,1.21431,14
GBPUSD,2019-09-01 21:21:00,1.21430,1.21431,1.21423,1.21423,4
GBPUSD,2019-09-01 21:22:00,1.21431,1.21432,1.21424,1.21425,12
GBPUSD,2019-09-01 21:23:00,1.21426,1.21432,1.21424,1.21424,8
GBPUSD,2019-09-01 21:24:00,1.21389,1.21430,1.21389,1.21419,8
GBPUSD,2019-09-01 21:25:00,1.21417,1.21446,1.21400,1.21445,20
GBPUSD,2019-09-01 21:26:00,1.21442,1.21453,1.21438,1.21445,9
GBPUSD,2019-09-01 21:27:00,1.21415,1.21453,1.21414,1.21446,8
GBPUSD,2019-09-01 21:28:00,1.21447,1.21450,1.21440,1.21446,21
GBPUSD,2019-09-01 21:29:00,1.21447,1.21451,1.21391,1.21395,25
GBPUSD,2019-09-01 21:30:00,1.21396,1.21458,1.21371,1.21371,120
GBPUSD,2019-09-01 21:31:00,1.21455,1.21474,1.21371,1.21470,54
GBPUSD,2019-09-01 21:32:00,1.21463,1.21470,1.21411,1.21438,74
GBPUSD,2019-09-01 21:33:00,1.21436,1.21471,1.21430,1.21470,49
GBPUSD,2019-09-01 21:34:00,1.21466,1.21479,1.21455,1.21458,43
GBPUSD,2019-09-01 21:35:00,1.21457,1.21477,1.21334,1.21409,119
GBPUSD,2019-09-01 21:36:00,1.21411,1.21445,1.21411,1.21444,18
GBPUSD,2019-09-01 21:37:00,1.21445,1.21445,1.21417,1.21435,12
GBPUSD,2019-09-01 21:38:00,1.21442,1.21447,1.21412,1.21444,12
GBPUSD,2019-09-01 21:39:00,1.21448,1.21449,1.21384,1.21425,46
GBPUSD,2019-09-01 21:40:00,1.21427,1.21428,1.21393,1.21415,20
GBPUSD,2019-09-01 21:41:00,1.21422,1.21429,1.21394,1.21408,22
GBPUSD,2019-09-01 21:42:00,1.21414,1.21457,1.21413,1.21445,13
GBPUSD,2019-09-01 21:43:00,1.21457,1.21458,1.21424,1.21432,8
GBPUSD,2019-09-01 21:44:00,1.21431,1.21450,1.21431,1.21448,8
GBPUSD,2019-09-01 21:45:00,1.21449,1.21449,1.21415,1.21434,23
GBPUSD,2019-09-01 21:46:00,1.21432,1.21440,1.21421,1.21440,16
GBPUSD,2019-09-01 21:47:00,1.21424,1.21424,1.21418,1.21419,9
GBPUSD,2019-09-01 21:48:00,1.21415,1.21420,1.21392,1.21418,42
GBPUSD,2019-09-01 21:49:00,1.21410,1.21432,1.21405,1.21415,23
GBPUSD,2019-09-01 21:50:00,1.21425,1.21434,1.21410,1.21428,31
GBPUSD,2019-09-01 21:51:00,1.21435,1.21439,1.21372,1.21379,26
GBPUSD,2019-09-01 21:52:00,1.21373,1.21399,1.21373,1.21392,24
GBPUSD,2019-09-01 21:53:00,1.21393,1.21403,1.21388,1.21398,13
GBPUSD,2019-09-01 21:54:00,1.21389,1.21408,1.21389,1.21402,46
GBPUSD,2019-09-01 21:55:00,1.21406,1.21410,1.21403,1.21410,21
GBPUSD,2019-09-01 21:56:00,1.21396,1.21435,1.21396,1.21402,44
GBPUSD,2019-09-01 21:57:00,1.21408,1.21433,1.21403,1.21431,56
GBPUSD,2019-09-01 21:58:00,1.21432,1.21437,1.21431,1.21432,15
GBPUSD,2019-09-01 21:59:00,1.21430,1.21433,1.21392,1.21429,69
GBPUSD,2019-09-01 22:00:00,1.21425,1.21472,1.21391,1.21459,168
GBPUSD,2019-09-01 22:01:00,1.21488,1.21541,1.21418,1.21497,148
GBPUSD,2019-09-01 22:02:00,1.21506,1.21585,1.21488,1.21582,181
GBPUSD,2019-09-01 22:03:00,1.21580,1.21581,1.21570,1.21580,63
GBPUSD,2019-09-01 22:04:00,1.21579,1.21600,1.21573,1.21594,87
GBPUSD,2019-09-01 22:05:00,1.21593,1.21598,1.21558,1.21571,67
GBPUSD,2019-09-01 22:06:00,1.21583,1.21609,1.21581,1.21594,81
GBPUSD,2019-09-01 22:07:00,1.21597,1.21609,1.21591,1.21598,49
GBPUSD,2019-09-01 22:08:00,1.21597,1.21602,1.21575,1.21581,63
GBPUSD,2019-09-01 22:09:00,1.21579,1.21585,1.21557,1.21584,49
GBPUSD,2019-09-01 22:10:00,1.21583,1.21584,1.21581,1.21583,25
GBPUSD,2019-09-01 22:11:00,1.21582,1.21583,1.21533,1.21555,77
GBPUSD,2019-09-01 22:12:00,1.21556,1.21564,1.21556,1.21564,36
GBPUSD,2019-09-01 22:13:00,1.21563,1.21585,1.21546,1.21559,63
GBPUSD,2019-09-01 22:14:00,1.21566,1.21569,1.21538,1.21569,53
GBPUSD,2019-09-01 22:15:00,1.21566,1.21585,1.21563,1.21580,92
GBPUSD,2019-09-01 22:16:00,1.21582,1.21585,1.21552,1.21568,42
GBPUSD,2019-09-01 22:17:00,1.21569,1.21582,1.21561,1.21577,56
GBPUSD,2019-09-01 22:18:00,1.21580,1.21581,1.21577,1.21580,23
GBPUSD,2019-09-01 22:19:00,1.21579,1.21581,1.21578,1.21579,13
GBPUSD,2019-09-01 22:20:00,1.21580,1.21588,1.21550,1.21570,76
GBPUSD,2019-09-01 22:21:00,1.21571,1.21571,1.21567,1.21570,53
GBPUSD,2019-09-01 22:22:00,1.21571,1.21591,1.21564,1.21590,107
GBPUSD,2019-09-01 22:23:00,1.21576,1.21603,1.21572,1.21593,133
GBPUSD,2019-09-01 22:24:00,1.21592,1.21601,1.21572,1.21598,118
GBPUSD,2019-09-01 22:25:00,1.21576,1.21615,1.21576,1.21595,140
GBPUSD,2019-09-01 22:26:00,1.21569,1.21594,1.21526,1.21571,182
GBPUSD,2019-09-01 22:27:00,1.21565,1.21570,1.21530,1.21547,126
GBPUSD,2019-09-01 22:28:00,1.21533,1.21557,1.21533,1.21555,90
GBPUSD,2019-09-01 22:29:00,1.21554,1.21556,1.21553,1.21555,40
GBPUSD,2019-09-01 22:30:00,1.21556,1.21588,1.21538,1.21570,109
GBPUSD,2019-09-01 22:31:00,1.21547,1.21591,1.21547,1.21589,124
GBPUSD,2019-09-01 22:32:00,1.21591,1.21611,1.21570,1.21594,114
GBPUSD,2019-09-01 22:33:00,1.21599,1.21601,1.21593,1.21594,74
GBPUSD,2019-09-01 22:34:00,1.21591,1.21594,1.21591,1.21593,57
GBPUSD,2019-09-01 22:35:00,1.21594,1.21597,1.21538,1.21561,108
GBPUSD,2019-09-01 22:36:00,1.21560,1.21577,1.21540,1.21563,77
GBPUSD,2019-09-01 22:37:00,1.21561,1.21571,1.21544,1.21566,92
GBPUSD,2019-09-01 22:38:00,1.21565,1.21579,1.21550,1.21573,60
GBPUSD,2019-09-01 22:39:00,1.21574,1.21594,1.21563,1.21591,96
GBPUSD,2019-09-01 22:40:00,1.21590,1.21596,1.21589,1.21592,69
GBPUSD,2019-09-01 22:41:00,1.21593,1.21593,1.21590,1.21593,29
GBPUSD,2019-09-01 22:42:00,1.21592,1.21595,1.21589,1.21592,51
GBPUSD,2019-09-01 22:43:00,1.21593,1.21595,1.21583,1.21587,97
GBPUSD,2019-09-01 22:44:00,1.21588,1.21608,1.21583,1.21608,123
GBPUSD,2019-09-01 22:45:00,1.21609,1.21612,1.21599,1.21606,89
GBPUSD,2019-09-01 22:46:00,1.21608,1.21611,1.21595,1.21609,86
GBPUSD,2019-09-01 22:47:00,1.21610,1.21614,1.21603,1.21607,44
GBPUSD,2019-09-01 22:48:00,1.21603,1.21614,1.21599,1.21607,58
GBPUSD,2019-09-01 22:49:00,1.21608,1.21613,1.21580,1.21580,63
GBPUSD,2019-09-01 22:50:00,1.21584,1.21584,1.21570,1.21576,163
GBPUSD,2019-09-01 22:51:00,1.21578,1.21585,1.21576,1.21580,132
GBPUSD,2019-09-01 22:52:00,1.21579,1.21604,1.21579,1.21595,138
GBPUSD,2019-09-01 22:53:00,1.21596,1.21602,1.21586,1.21596,171
GBPUSD,2019-09-01 22:54:00,1.21595,1.21604,1.21592,1.21596,63
GBPUSD,2019-09-01 22:55:00,1.21594,1.21602,1.21591,1.21597,67
GBPUSD,2019-09-01 22:56:00,1.21601,1.21601,1.21583,1.21598,132
GBPUSD,2019-09-01 22:57:00,1.21612,1.21633,1.21606,1.21616,162
GBPUSD,2019-09-01 22:58:00,1.21617,1.21617,1.21585,1.21586,329
GBPUSD,2019-09-01 22:59:00,1.21587,1.21595,1.21580,1.21590,162
GBPUSD,2019-09-01 23:00:00,1.21589,1.21596,1.21573,1.21587,449
GBPUSD,2019-09-01 23:01:00,1.21588,1.21610,1.21585,1.21610,267
GBPUSD,2019-09-01 23:02:00,1.21611,1.21618,1.21605,1.21608,115
GBPUSD,2019-09-01 23:03:00,1.21607,1.21615,1.21607,1.21612,97
GBPUSD,2019-09-01 23:04:00,1.21613,1.21619,1.21611,1.21613,153
GBPUSD,2019-09-01 23:05:00,1.21612,1.21616,1.21609,1.21611,114
GBPUSD,2019-09-01 23:06:00,1.21612,1.21618,1.21611,1.21614,120
GBPUSD,2019-09-01 23:07:00,1.21615,1.21615,1.21610,1.21611,90
GBPUSD,2019-09-01 23:08:00,1.21610,1.21616,1.21610,1.21612,119
GBPUSD,2019-09-01 23:09:00,1.21611,1.21617,1.21610,1.21615,137
GBPUSD,2019-09-01 23:10:00,1.21613,1.21617,1.21610,1.21611,92
GBPUSD,2019-09-01 23:11:00,1.21612,1.21614,1.21608,1.21612,228
GBPUSD,2019-09-01 23:12:00,1.21613,1.21622,1.21611,1.21619,99
GBPUSD,2019-09-01 23:13:00,1.21620,1.21620,1.21604,1.21605,93
GBPUSD,2019-09-01 23:14:00,1.21604,1.21607,1.21599,1.21606,84
GBPUSD,2019-09-01 23:15:00,1.21605,1.21608,1.21602,1.21605,92
GBPUSD,2019-09-01 23:16:00,1.21606,1.21608,1.21604,1.21605,39
GBPUSD,2019-09-01 23:17:00,1.21604,1.21607,1.21603,1.21604,58
GBPUSD,2019-09-01 23:18:00,1.21605,1.21607,1.21603,1.21605,55
GBPUSD,2019-09-01 23:19:00,1.21606,1.21608,1.21603,1.21608,78
GBPUSD,2019-09-01 23:20:00,1.21607,1.21610,1.21603,1.21605,109
GBPUSD,2019-09-01 23:21:00,1.21606,1.21606,1.21593,1.21596,108
GBPUSD,2019-09-01 23:22:00,1.21595,1.21598,1.21593,1.21595,63
GBPUSD,2019-09-01 23:23:00,1.21602,1.21604,1.21582,1.21587,114
GBPUSD,2019-09-01 23:24:00,1.21588,1.21589,1.21585,1.21586,100
GBPUSD,2019-09-01 23:25:00,1.21587,1.21591,1.21585,1.21586,140
GBPUSD,2019-09-01 23:26:00,1.21585,1.21591,1.21585,1.21590,60
GBPUSD,2019-09-01 23:27:00,1.21591,1.21592,1.21586,1.21588,86
GBPUSD,2019-09-01 23:28:00,1.21587,1.21589,1.21584,1.21587,56
GBPUSD,2019-09-01 23:29:00,1.21588,1.21612,1.21587,1.21612,104
GBPUSD,2019-09-01 23:30:00,1.21611,1.21617,1.21593,1.21612,176
GBPUSD,2019-09-01 23:31:00,1.21611,1.21617,1.21611,1.21614,124
GBPUSD,2019-09-01 23:32:00,1.21615,1.21626,1.21610,1.21624,170
GBPUSD,2019-09-01 23:33:00,1.21623,1.21637,1.21604,1.21611,203
GBPUSD,2019-09-01 23:34:00,1.21612,1.21619,1.21611,1.21614,242
GBPUSD,2019-09-01 23:35:00,1.21616,1.21620,1.21579,1.21585,115
GBPUSD,2019-09-01 23:36:00,1.21584,1.21592,1.21581,1.21585,194
GBPUSD,2019-09-01 23:37:00,1.21586,1.21587,1.21580,1.21582,115
GBPUSD,2019-09-01 23:38:00,1.21583,1.21585,1.21581,1.21582,174
GBPUSD,2019-09-01 23:39:00,1.21583,1.21588,1.21581,1.21584,343
GBPUSD,2019-09-01 23:40:00,1.21583,1.21588,1.21582,1.21584,277
GBPUSD,2019-09-01 23:41:00,1.21583,1.21587,1.21582,1.21582,277
GBPUSD,2019-09-01 23:42:00,1.21583,1.21586,1.21581,1.21584,288
GBPUSD,2019-09-01 23:43:00,1.21585,1.21586,1.21582,1.21584,252
GBPUSD,2019-09-01 23:44:00,1.21583,1.21587,1.21583,1.21584,285
GBPUSD,2019-09-01 23:45:00,1.21585,1.21590,1.21585,1.21585,101
GBPUSD,2019-09-01 23:46:00,1.21584,1.21586,1.21583,1.21586,51
GBPUSD,2019-09-01 23:47:00,1.21585,1.21590,1.21584,1.21585,59
GBPUSD,2019-09-01 23:48:00,1.21584,1.21587,1.21583,1.21586,43
GBPUSD,2019-09-01 23:49:00,1.21585,1.21586,1.21583,1.21585,35
GBPUSD,2019-09-01 23:50:00,1.21584,1.21590,1.21582,1.21585,89
GBPUSD,2019-09-01 23:51:00,1.21584,1.21587,1.21583,1.21584,34
GBPUSD,2019-09-01 23:52:00,1.21585,1.21586,1.21582,1.21584,65
GBPUSD,2019-09-01 23:53:00,1.21585,1.21586,1.21579,1.21582,37
GBPUSD,2019-09-01 23:54:00,1.21581,1.21584,1.21580,1.21582,26
GBPUSD,2019-09-01 23:55:00,1.21581,1.21584,1.21575,1.21578,53
GBPUSD,2019-09-01 23:56:00,1.21577,1.21578,1.21576,1.21578,19
GBPUSD,2019-09-01 23:57:00,1.21579,1.21580,1.21576,1.21577,61
GBPUSD,2019-09-01 23:58:00,1.21578,1.21578,1.21574,1.21578,44
GBPUSD,2019-09-01 23:59:00,1.21579,1.21580,1.21573,1.21575,85
GBPUSD,2019-09-02 00:00:00,1.21577,1.21588,1.21577,1.21579,43
GBPUSD,2019-09-02 00:01:00,1.21580,1.21580,1.21571,1.21575,93
GBPUSD,2019-09-02 00:02:00,1.21576,1.21580,1.21564,1.21565,82
GBPUSD,2019-09-02 00:03:00,1.21566,1.21566,1.21553,1.21555,98
GBPUSD,2019-09-02 00:04:00,1.21554,1.21558,1.21544,1.21547,88
GBPUSD,2019-09-02 00:05:00,1.21549,1.21551,1.21544,1.21546,48
GBPUSD,2019-09-02 00:06:00,1.21547,1.21552,1.21542,1.21551,56
GBPUSD,2019-09-02 00:07:00,1.21550,1.21556,1.21547,1.21550,28
GBPUSD,2019-09-02 00:08:00,1.21555,1.21561,1.21543,1.21545,77
GBPUSD,2019-09-02 00:09:00,1.21544,1.21556,1.21542,1.21553,65
GBPUSD,2019-09-02 00:10:00,1.21552,1.21584,1.21552,1.21577,92
GBPUSD,2019-09-02 00:11:00,1.21576,1.21577,1.21559,1.21560,69
GBPUSD,2019-09-02 00:12:00,1.21561,1.21573,1.21559,1.21561,74
GBPUSD,2019-09-02 00:13:00,1.21562,1.21568,1.21556,1.21567,48
GBPUSD,2019-09-02 00:14:00,1.21566,1.21567,1.21563,1.21566,41
GBPUSD,2019-09-02 00:15:00,1.21565,1.21566,1.21551,1.21552,78
GBPUSD,2019-09-02 00:16:00,1.21553,1.21556,1.21549,1.21551,65
GBPUSD,2019-09-02 00:17:00,1.21552,1.21557,1.21550,1.21553,53
GBPUSD,2019-09-02 00:18:00,1.21554,1.21555,1.21535,1.21540,84
GBPUSD,2019-09-02 00:19:00,1.21541,1.21548,1.21541,1.21544,58
GBPUSD,2019-09-02 00:20:00,1.21543,1.21546,1.21543,1.21546,28
GBPUSD,2019-09-02 00:21:00,1.21545,1.21556,1.21544,1.21556,36
GBPUSD,2019-09-02 00:22:00,1.21557,1.21557,1.21543,1.21550,83
GBPUSD,2019-09-02 00:23:00,1.21553,1.21562,1.21549,1.21554,57
GBPUSD,2019-09-02 00:24:00,1.21555,1.21565,1.21545,1.21560,73
GBPUSD,2019-09-02 00:25:00,1.21563,1.21567,1.21559,1.21561,73
GBPUSD,2019-09-02 00:26:00,1.21560,1.21566,1.21543,1.21547,63
GBPUSD,2019-09-02 00:27:00,1.21548,1.21555,1.21547,1.21555,35
GBPUSD,2019-09-02 00:28:00,1.21554,1.21556,1.21550,1.21555,14
GBPUSD,2019-09-02 00:29:00,1.21556,1.21556,1.21544,1.21550,36
GBPUSD,2019-09-02 00:30:00,1.21549,1.21558,1.21548,1.21552,62
GBPUSD,2019-09-02 00:31:00,1.21556,1.21557,1.21552,1.21552,33
GBPUSD,2019-09-02 00:32:00,1.21553,1.21564,1.21549,1.21562,116
GBPUSD,2019-09-02 00:33:00,1.21563,1.21563,1.21549,1.21553,82
GBPUSD,2019-09-02 00:34:00,1.21550,1.21562,1.21549,1.21555,75
GBPUSD,2019-09-02 00:35:00,1.21554,1.21564,1.21551,1.21555,175
GBPUSD,2019-09-02 00:36:00,1.21556,1.21564,1.21553,1.21564,132
GBPUSD,2019-09-02 00:37:00,1.21563,1.21564,1.21549,1.21557,130
GBPUSD,2019-09-02 00:38:00,1.21553,1.21562,1.21528,1.21533,92
GBPUSD,2019-09-02 00:39:00,1.21532,1.21538,1.21530,1.21534,59
GBPUSD,2019-09-02 00:40:00,1.21538,1.21545,1.21524,1.21526,122
GBPUSD,2019-09-02 00:41:00,1.21525,1.21525,1.21518,1.21519,56
GBPUSD,2019-09-02 00:42:00,1.21518,1.21526,1.21512,1.21514,132
GBPUSD,2019-09-02 00:43:00,1.21515,1.21525,1.21509,1.21520,97
GBPUSD,2019-09-02 00:44:00,1.21519,1.21535,1.21518,1.21531,100
GBPUSD,2019-09-02 00:45:00,1.21532,1.21544,1.21519,1.21519,138
GBPUSD,2019-09-02 00:46:00,1.21520,1.21522,1.21509,1.21515,121
GBPUSD,2019-09-02 00:47:00,1.21514,1.21530,1.21514,1.21523,101
GBPUSD,2019-09-02 00:48:00,1.21524,1.21538,1.21523,1.21532,78
GBPUSD,2019-09-02 00:49:00,1.21533,1.21536,1.21519,1.21524,81
GBPUSD,2019-09-02 00:50:00,1.21523,1.21545,1.21523,1.21534,128
GBPUSD,2019-09-02 00:51:00,1.21535,1.21536,1.21495,1.21496,181
GBPUSD,2019-09-02 00:52:00,1.21495,1.21496,1.21464,1.21468,197
GBPUSD,2019-09-02 00:53:00,1.21472,1.21472,1.21450,1.21464,140
GBPUSD,2019-09-02 00:54:00,1.21463,1.21471,1.21441,1.21460,126
GBPUSD,2019-09-02 00:55:00,1.21454,1.21455,1.21449,1.21453,55
GBPUSD,2019-09-02 00:56:00,1.21454,1.21468,1.21448,1.21459,162
GBPUSD,2019-09-02 00:57:00,1.21458,1.21464,1.21453,1.21462,64
GBPUSD,2019-09-02 00:58:00,1.21463,1.21485,1.21463,1.21485,72
GBPUSD,2019-09-02 00:59:00,1.21481,1.21495,1.21477,1.21480,99
GBPUSD,2019-09-02 01:00:00,1.21481,1.21501,1.21481,1.21484,203
GBPUSD,2019-09-02 01:01:00,1.21486,1.21497,1.21479,1.21490,115
GBPUSD,2019-09-02 01:02:00,1.21491,1.21499,1.21490,1.21494,45
GBPUSD,2019-09-02 01:03:00,1.21493,1.21499,1.21482,1.21488,79
GBPUSD,2019-09-02 01:04:00,1.21489,1.21521,1.21483,1.21519,129
GBPUSD,2019-09-02 01:05:00,1.21518,1.21521,1.21511,1.21511,62
GBPUSD,2019-09-02 01:06:00,1.21512,1.21518,1.21499,1.21501,104
GBPUSD,2019-09-02 01:07:00,1.21503,1.21503,1.21494,1.21500,110
GBPUSD,2019-09-02 01:08:00,1.21501,1.21501,1.21497,1.21498,47
GBPUSD,2019-09-02 01:09:00,1.21499,1.21501,1.21497,1.21499,65
GBPUSD,2019-09-02 01:10:00,1.21498,1.21500,1.21490,1.21491,79
GBPUSD,2019-09-02 01:11:00,1.21492,1.21500,1.21492,1.21498,146
GBPUSD,2019-09-02 01:12:00,1.21499,1.21499,1.21492,1.21493,94
GBPUSD,2019-09-02 01:13:00,1.21494,1.21500,1.21483,1.21486,71
GBPUSD,2019-09-02 01:14:00,1.21485,1.21491,1.21474,1.21489,150
GBPUSD,2019-09-02 01:15:00,1.21488,1.21508,1.21487,1.21508,120
GBPUSD,2019-09-02 01:16:00,1.21507,1.21512,1.21495,1.21502,181
GBPUSD,2019-09-02 01:17:00,1.21501,1.21501,1.21495,1.21499,140
GBPUSD,2019-09-02 01:18:00,1.21498,1.21512,1.21498,1.21500,177
GBPUSD,2019-09-02 01:19:00,1.21499,1.21517,1.21497,1.21509,113
GBPUSD,2019-09-02 01:20:00,1.21510,1.21516,1.21504,1.21505,149
GBPUSD,2019-09-02 01:21:00,1.21506,1.21509,1.21502,1.21503,70
GBPUSD,2019-09-02 01:22:00,1.21504,1.21513,1.21502,1.21510,87
GBPUSD,2019-09-02 01:23:00,1.21509,1.21526,1.21508,1.21521,118
GBPUSD,2019-09-02 01:24:00,1.21522,1.21526,1.21500,1.21510,114
GBPUSD,2019-09-02 01:25:00,1.21511,1.21511,1.21494,1.21508,75
GBPUSD,2019-09-02 01:26:00,1.21504,1.21522,1.21500,1.21518,89
GBPUSD,2019-09-02 01:27:00,1.21517,1.21527,1.21517,1.21526,31
GBPUSD,2019-09-02 01:28:00,1.21525,1.21535,1.21519,1.21521,78
GBPUSD,2019-09-02 01:29:00,1.21522,1.21537,1.21521,1.21525,117
GBPUSD,2019-09-02 01:30:00,1.21524,1.21535,1.21515,1.21534,108
GBPUSD,2019-09-02 01:31:00,1.21535,1.21542,1.21534,1.21537,66
GBPUSD,2019-09-02 01:32:00,1.21538,1.21566,1.21535,1.21563,114
GBPUSD,2019-09-02 01:33:00,1.21564,1.21565,1.21555,1.21558,85
GBPUSD,2019-09-02 01:34:00,1.21559,1.21568,1.21558,1.21562,65
GBPUSD,2019-09-02 01:35:00,1.21563,1.21566,1.21553,1.21555,87
GBPUSD,2019-09-02 01:36:00,1.21554,1.21578,1.21553,1.21576,119
GBPUSD,2019-09-02 01:37:00,1.21575,1.21575,1.21566,1.21571,116
GBPUSD,2019-09-02 01:38:00,1.21572,1.21576,1.21568,1.21570,84
GBPUSD,2019-09-02 01:39:00,1.21571,1.21573,1.21570,1.21573,67
GBPUSD,2019-09-02 01:40:00,1.21572,1.21574,1.21571,1.21571,26
GBPUSD,2019-09-02 01:41:00,1.21572,1.21573,1.21570,1.21573,33
GBPUSD,2019-09-02 01:42:00,1.21574,1.21589,1.21574,1.21587,67
GBPUSD,2019-09-02 01:43:00,1.21584,1.21590,1.21582,1.21589,47
GBPUSD,2019-09-02 01:44:00,1.21588,1.21588,1.21575,1.21576,54
GBPUSD,2019-09-02 01:45:00,1.21579,1.21603,1.21579,1.21602,127
GBPUSD,2019-09-02 01:46:00,1.21601,1.21607,1.21593,1.21595,97
GBPUSD,2019-09-02 01:47:00,1.21597,1.21600,1.21579,1.21595,132
GBPUSD,2019-09-02 01:48:00,1.21596,1.21597,1.21583,1.21587,81
GBPUSD,2019-09-02 01:49:00,1.21588,1.21598,1.21581,1.21583,125
GBPUSD,2019-09-02 01:50:00,1.21584,1.21586,1.21582,1.21584,53
GBPUSD,2019-09-02 01:51:00,1.21585,1.21589,1.21550,1.21553,94
GBPUSD,2019-09-02 01:52:00,1.21554,1.21569,1.21551,1.21567,98
GBPUSD,2019-09-02 01:53:00,1.21568,1.21575,1.21560,1.21566,73
GBPUSD,2019-09-02 01:54:00,1.21567,1.21592,1.21567,1.21588,70
GBPUSD,2019-09-02 01:55:00,1.21587,1.21588,1.21578,1.21580,80
GBPUSD,2019-09-02 01:56:00,1.21581,1.21581,1.21572,1.21574,68
GBPUSD,2019-09-02 01:57:00,1.21575,1.21580,1.21568,1.21574,98
GBPUSD,2019-09-02 01:58:00,1.21573,1.21580,1.21572,1.21578,73
GBPUSD,2019-09-02 01:59:00,1.21579,1.21586,1.21573,1.21583,69
GBPUSD,2019-09-02 02:00:00,1.21582,1.21589,1.21580,1.21582,78
GBPUSD,2019-09-02 02:01:00,1.21583,1.21588,1.21582,1.21587,37
GBPUSD,2019-09-02 02:02:00,1.21586,1.21586,1.21550,1.21556,91
GBPUSD,2019-09-02 02:03:00,1.21554,1.21560,1.21547,1.21556,101
GBPUSD,2019-09-02 02:04:00,1.21555,1.21555,1.21544,1.21545,78
GBPUSD,2019-09-02 02:05:00,1.21546,1.21565,1.21544,1.21557,98
GBPUSD,2019-09-02 02:06:00,1.21558,1.21560,1.21553,1.21554,82
GBPUSD,2019-09-02 02:07:00,1.21553,1.21556,1.21533,1.21543,94
GBPUSD,2019-09-02 02:08:00,1.21544,1.21550,1.21529,1.21534,85
GBPUSD,2019-09-02 02:09:00,1.21530,1.21538,1.21514,1.21514,117
GBPUSD,2019-09-02 02:10:00,1.21512,1.21519,1.21496,1.21502,118
GBPUSD,2019-09-02 02:11:00,1.21500,1.21500,1.21488,1.21500,95
GBPUSD,2019-09-02 02:12:00,1.21499,1.21512,1.21494,1.21512,39
GBPUSD,2019-09-02 02:13:00,1.21509,1.21533,1.21509,1.21528,220
GBPUSD,2019-09-02 02:14:00,1.21527,1.21549,1.21516,1.21542,165
GBPUSD,2019-09-02 02:15:00,1.21541,1.21546,1.21528,1.21534,263
GBPUSD,2019-09-02 02:16:00,1.21533,1.21534,1.21531,1.21533,120
GBPUSD,2019-09-02 02:17:00,1.21534,1.21539,1.21514,1.21535,152
GBPUSD,2019-09-02 02:18:00,1.21534,1.21546,1.21534,1.21544,71
GBPUSD,2019-09-02 02:19:00,1.21543,1.21556,1.21543,1.21555,87
GBPUSD,2019-09-02 02:20:00,1.21554,1.21557,1.21553,1.21556,40
GBPUSD,2019-09-02 02:21:00,1.21555,1.21557,1.21553,1.21555,69
GBPUSD,2019-09-02 02:22:00,1.21554,1.21562,1.21554,1.21556,110
GBPUSD,2019-09-02 02:23:00,1.21555,1.21561,1.21555,1.21556,66
GBPUSD,2019-09-02 02:24:00,1.21555,1.21556,1.21551,1.21556,110
GBPUSD,2019-09-02 02:25:00,1.21555,1.21556,1.21551,1.21553,72
GBPUSD,2019-09-02 02:26:00,1.21554,1.21556,1.21550,1.21555,83
GBPUSD,2019-09-02 02:27:00,1.21554,1.21560,1.21553,1.21559,22
GBPUSD,2019-09-02 02:28:00,1.21561,1.21562,1.21553,1.21555,105
GBPUSD,2019-09-02 02:29:00,1.21556,1.21562,1.21533,1.21536,81
GBPUSD,2019-09-02 02:30:00,1.21535,1.21540,1.21535,1.21539,28
GBPUSD,2019-09-02 02:31:00,1.21540,1.21548,1.21540,1.21545,68
GBPUSD,2019-09-02 02:32:00,1.21544,1.21546,1.21541,1.21544,47
GBPUSD,2019-09-02 02:33:00,1.21545,1.21545,1.21518,1.21522,90
GBPUSD,2019-09-02 02:34:00,1.21524,1.21526,1.21522,1.21525,34
GBPUSD,2019-09-02 02:35:00,1.21527,1.21529,1.21522,1.21526,38
GBPUSD,2019-09-02 02:36:00,1.21525,1.21529,1.21524,1.21528,38
GBPUSD,2019-09-02 02:37:00,1.21524,1.21532,1.21524,1.21531,42
GBPUSD,2019-09-02 02:38:00,1.21530,1.21540,1.21526,1.21540,60
GBPUSD,2019-09-02 02:39:00,1.21538,1.21539,1.21533,1.21538,38
GBPUSD,2019-09-02 02:40:00,1.21537,1.21537,1.21515,1.21523,112
GBPUSD,2019-09-02 02:41:00,1.21524,1.21529,1.21521,1.21522,39
GBPUSD,2019-09-02 02:42:00,1.21521,1.21538,1.21521,1.21538,47
GBPUSD,2019-09-02 02:43:00,1.21537,1.21538,1.21525,1.21527,115
GBPUSD,2019-09-02 02:44:00,1.21528,1.21536,1.21527,1.21534,66
GBPUSD,2019-09-02 02:45:00,1.21533,1.21541,1.21533,1.21540,55
GBPUSD,2019-09-02 02:46:00,1.21541,1.21548,1.21535,1.21542,56
GBPUSD,2019-09-02 02:47:00,1.21541,1.21546,1.21535,1.21541,68
GBPUSD,2019-09-02 02:48:00,1.21542,1.21551,1.21537,1.21550,44
GBPUSD,2019-09-02 02:49:00,1.21546,1.21552,1.21546,1.21549,61
GBPUSD,2019-09-02 02:50:00,1.21550,1.21551,1.21545,1.21551,32
GBPUSD,2019-09-02 02:51:00,1.21550,1.21552,1.21544,1.21550,46
GBPUSD,2019-09-02 02:52:00,1.21551,1.21559,1.21545,1.21555,35
GBPUSD,2019-09-02 02:53:00,1.21556,1.21560,1.21544,1.21549,43
GBPUSD,2019-09-02 02:54:00,1.21550,1.21557,1.21544,1.21545,54
GBPUSD,2019-09-02 02:55:00,1.21544,1.21556,1.21543,1.21553,56
GBPUSD,2019-09-02 02:56:00,1.21552,1.21557,1.21544,1.21545,42
GBPUSD,2019-09-02 02:57:00,1.21549,1.21549,1.21543,1.21547,20
GBPUSD,2019-09-02 02:58:00,1.21540,1.21551,1.21540,1.21545,54
GBPUSD,2019-09-02 02:59:00,1.21546,1.21549,1.21542,1.21545,43
GBPUSD,2019-09-02 03:00:00,1.21547,1.21548,1.21541,1.21542,39
GBPUSD,2019-09-02 03:01:00,1.21543,1.21548,1.21542,1.21548,19
GBPUSD,2019-09-02 03:02:00,1.21547,1.21550,1.21539,1.21543,44
GBPUSD,2019-09-02 03:03:00,1.21542,1.21545,1.21538,1.21543,44
GBPUSD,2019-09-02 03:04:00,1.21544,1.21549,1.21542,1.21548,21
GBPUSD,2019-09-02 03:05:00,1.21549,1.21551,1.21543,1.21546,21
GBPUSD,2019-09-02 03:06:00,1.21550,1.21552,1.21545,1.21546,33
GBPUSD,2019-09-02 03:07:00,1.21545,1.21552,1.21544,1.21547,34
GBPUSD,2019-09-02 03:08:00,1.21548,1.21549,1.21546,1.21547,43
GBPUSD,2019-09-02 03:09:00,1.21546,1.21566,1.21542,1.21563,49
GBPUSD,2019-09-02 03:10:00,1.21562,1.21567,1.21560,1.21566,52
GBPUSD,2019-09-02 03:11:00,1.21561,1.21566,1.21553,1.21556,69
GBPUSD,2019-09-02 03:12:00,1.21557,1.21559,1.21552,1.21556,51
GBPUSD,2019-09-02 03:13:00,1.21557,1.21559,1.21551,1.21556,46
GBPUSD,2019-09-02 03:14:00,1.21555,1.21556,1.21551,1.21553,18
GBPUSD,2019-09-02 03:15:00,1.21552,1.21556,1.21551,1.21555,34
GBPUSD,2019-09-02 03:16:00,1.21554,1.21556,1.21546,1.21548,60
GBPUSD,2019-09-02 03:17:00,1.21550,1.21552,1.21548,1.21549,33
GBPUSD,2019-09-02 03:18:00,1.21550,1.21550,1.21547,1.21549,21
GBPUSD,2019-09-02 03:19:00,1.21548,1.21554,1.21548,1.21552,25
GBPUSD,2019-09-02 03:20:00,1.21553,1.21565,1.21552,1.21556,43
GBPUSD,2019-09-02 03:21:00,1.21558,1.21566,1.21552,1.21553,63
GBPUSD,2019-09-02 03:22:00,1.21554,1.21555,1.21548,1.21549,33
GBPUSD,2019-09-02 03:23:00,1.21550,1.21551,1.21548,1.21550,23
GBPUSD,2019-09-02 03:24:00,1.21551,1.21553,1.21544,1.21546,27
GBPUSD,2019-09-02 03:25:00,1.21545,1.21549,1.21543,1.21545,16
GBPUSD,2019-09-02 03:26:00,1.21546,1.21577,1.21546,1.21574,94
GBPUSD,2019-09-02 03:27:00,1.21576,1.21584,1.21572,1.21573,70
GBPUSD,2019-09-02 03:28:00,1.21572,1.21577,1.21569,1.21573,43
GBPUSD,2019-09-02 03:29:00,1.21574,1.21575,1.21573,1.21574,35
GBPUSD,2019-09-02 03:30:00,1.21573,1.21578,1.21572,1.21577,17
GBPUSD,2019-09-02 03:31:00,1.21574,1.21586,1.21557,1.21558,67
GBPUSD,2019-09-02 03:32:00,1.21559,1.21559,1.21553,1.21556,40
GBPUSD,2019-09-02 03:33:00,1.21557,1.21569,1.21553,1.21561,79
GBPUSD,2019-09-02 03:34:00,1.21559,1.21563,1.21552,1.21553,34
GBPUSD,2019-09-02 03:35:00,1.21554,1.21559,1.21552,1.21556,58
GBPUSD,2019-09-02 03:36:00,1.21555,1.21559,1.21549,1.21557,41
GBPUSD,2019-09-02 03:37:00,1.21556,1.21558,1.21547,1.21549,64
GBPUSD,2019-09-02 03:38:00,1.21550,1.21556,1.21548,1.21555,42
GBPUSD,2019-09-02 03:39:00,1.21556,1.21557,1.21552,1.21552,17
GBPUSD,2019-09-02 03:40:00,1.21551,1.21558,1.21551,1.21556,22
GBPUSD,2019-09-02 03:41:00,1.21555,1.21558,1.21545,1.21551,46
GBPUSD,2019-09-02 03:42:00,1.21553,1.21558,1.21549,1.21553,31
GBPUSD,2019-09-02 03:43:00,1.21552,1.21560,1.21552,1.21557,30
GBPUSD,2019-09-02 03:44:00,1.21559,1.21559,1.21544,1.21548,55
GBPUSD,2019-09-02 03:45:00,1.21549,1.21559,1.21544,1.21557,42
GBPUSD,2019-09-02 03:46:00,1.21556,1.21561,1.21548,1.21549,50
GBPUSD,2019-09-02 03:47:00,1.21550,1.21567,1.21549,1.21566,84
GBPUSD,2019-09-02 03:48:00,1.21565,1.21566,1.21552,1.21559,63
GBPUSD,2019-09-02 03:49:00,1.21558,1.21562,1.21553,1.21560,53
GBPUSD,2019-09-02 03:50:00,1.21563,1.21563,1.21553,1.21556,45
GBPUSD,2019-09-02 03:51:00,1.21557,1.21560,1.21554,1.21555,24
GBPUSD,2019-09-02 03:52:00,1.21554,1.21579,1.21554,1.21568,63
GBPUSD,2019-09-02 03:53:00,1.21569,1.21580,1.21569,1.21577,34
GBPUSD,2019-09-02 03:54:00,1.21576,1.21581,1.21576,1.21576,57
GBPUSD,2019-09-02 03:55:00,1.21575,1.21587,1.21573,1.21583,93
GBPUSD,2019-09-02 03:56:00,1.21587,1.21590,1.21585,1.21589,35
GBPUSD,2019-09-02 03:57:00,1.21588,1.21589,1.21583,1.21583,45
GBPUSD,2019-09-02 03:58:00,1.21584,1.21590,1.21583,1.21586,36
GBPUSD,2019-09-02 03:59:00,1.21587,1.21598,1.21586,1.21597,47
GBPUSD,2019-09-02 04:00:00,1.21596,1.21602,1.21596,1.21597,29
GBPUSD,2019-09-02 04:01:00,1.21592,1.21607,1.21592,1.21596,81
GBPUSD,2019-09-02 04:02:00,1.21595,1.21607,1.21595,1.21606,54
GBPUSD,2019-09-02 04:03:00,1.21607,1.21609,1.21593,1.21598,51
GBPUSD,2019-09-02 04:04:00,1.21599,1.21600,1.21583,1.21583,49
GBPUSD,2019-09-02 04:05:00,1.21582,1.21591,1.21572,1.21575,68
GBPUSD,2019-09-02 04:06:00,1.21576,1.21581,1.21571,1.21573,48
GBPUSD,2019-09-02 04:07:00,1.21574,1.21586,1.21572,1.21583,28
GBPUSD,2019-09-02 04:08:00,1.21582,1.21589,1.21581,1.21583,21
GBPUSD,2019-09-02 04:09:00,1.21582,1.21584,1.21581,1.21583,20
GBPUSD,2019-09-02 04:10:00,1.21584,1.21588,1.21581,1.21584,39
GBPUSD,2019-09-02 04:11:00,1.21583,1.21585,1.21582,1.21583,14
GBPUSD,2019-09-02 04:12:00,1.21584,1.21590,1.21582,1.21585,47
GBPUSD,2019-09-02 04:13:00,1.21586,1.21590,1.21583,1.21589,41
GBPUSD,2019-09-02 04:14:00,1.21590,1.21590,1.21582,1.21583,18
GBPUSD,2019-09-02 04:15:00,1.21582,1.21588,1.21582,1.21587,43
GBPUSD,2019-09-02 04:16:00,1.21584,1.21589,1.21582,1.21583,21
GBPUSD,2019-09-02 04:17:00,1.21582,1.21585,1.21582,1.21583,18
GBPUSD,2019-09-02 04:18:00,1.21584,1.21585,1.21583,1.21585,28
GBPUSD,2019-09-02 04:19:00,1.21584,1.21586,1.21583,1.21583,48
GBPUSD,2019-09-02 04:20:00,1.21584,1.21585,1.21582,1.21584,25
GBPUSD,2019-09-02 04:21:00,1.21583,1.21586,1.21583,1.21584,20
GBPUSD,2019-09-02 04:22:00,1.21583,1.21585,1.21583,1.21584,22
GBPUSD,2019-09-02 04:23:00,1.21585,1.21588,1.21583,1.21588,12
GBPUSD,2019-09-02 04:24:00,1.21589,1.21597,1.21587,1.21589,29
GBPUSD,2019-09-02 04:25:00,1.21588,1.21596,1.21585,1.21588,60
GBPUSD,2019-09-02 04:26:00,1.21589,1.21593,1.21584,1.21588,49
GBPUSD,2019-09-02 04:27:00,1.21589,1.21591,1.21584,1.21591,63
GBPUSD,2019-09-02 04:28:00,1.21592,1.21593,1.21591,1.21593,28
GBPUSD,2019-09-02 04:29:00,1.21594,1.21595,1.21592,1.21594,31
GBPUSD,2019-09-02 04:30:00,1.21593,1.21608,1.21593,1.21605,56
GBPUSD,2019-09-02 04:31:00,1.21606,1.21609,1.21603,1.21604,38
GBPUSD,2019-09-02 04:32:00,1.21605,1.21608,1.21600,1.21602,26
GBPUSD,2019-09-02 04:33:00,1.21600,1.21608,1.21600,1.21605,34
GBPUSD,2019-09-02 04:34:00,1.21606,1.21608,1.21602,1.21604,21
GBPUSD,2019-09-02 04:35:00,1.21605,1.21610,1.21599,1.21606,31
GBPUSD,2019-09-02 04:36:00,1.21607,1.21610,1.21603,1.21606,41
GBPUSD,2019-09-02 04:37:00,1.21607,1.21607,1.21602,1.21603,9
GBPUSD,2019-09-02 04:38:00,1.21602,1.21608,1.21594,1.21595,37
GBPUSD,2019-09-02 04:39:00,1.21597,1.21600,1.21593,1.21594,18
GBPUSD,2019-09-02 04:40:00,1.21595,1.21599,1.21594,1.21597,40
GBPUSD,2019-09-02 04:41:00,1.21598,1.21599,1.21594,1.21597,27
GBPUSD,2019-09-02 04:42:00,1.21598,1.21600,1.21597,1.21600,25
GBPUSD,2019-09-02 04:43:00,1.21599,1.21602,1.21594,1.21597,53
GBPUSD,2019-09-02 04:44:00,1.21601,1.21601,1.21591,1.21596,48
GBPUSD,2019-09-02 04:45:00,1.21597,1.21607,1.21597,1.21603,41
GBPUSD,2019-09-02 04:46:00,1.21604,1.21605,1.21603,1.21604,17
GBPUSD,2019-09-02 04:47:00,1.21605,1.21606,1.21603,1.21604,20
GBPUSD,2019-09-02 04:48:00,1.21603,1.21605,1.21596,1.21598,23
GBPUSD,2019-09-02 04:49:00,1.21599,1.21606,1.21595,1.21606,61
GBPUSD,2019-09-02 04:50:00,1.21605,1.21605,1.21592,1.21593,45
GBPUSD,2019-09-02 04:51:00,1.21594,1.21596,1.21592,1.21594,25
GBPUSD,2019-09-02 04:52:00,1.21595,1.21595,1.21592,1.21594,12
GBPUSD,2019-09-02 04:53:00,1.21593,1.21595,1.21592,1.21595,23
GBPUSD,2019-09-02 04:54:00,1.21594,1.21597,1.21591,1.21596,40
GBPUSD,2019-09-02 04:55:00,1.21593,1.21596,1.21592,1.21596,14
GBPUSD,2019-09-02 04:56:00,1.21597,1.21598,1.21594,1.21594,12
GBPUSD,2019-09-02 04:57:00,1.21597,1.21598,1.21592,1.21593,24
GBPUSD,2019-09-02 04:58:00,1.21592,1.21594,1.21591,1.21592,12
GBPUSD,2019-09-02 04:59:00,1.21593,1.21593,1.21583,1.21585,46
GBPUSD,2019-09-02 05:00:00,1.21586,1.21589,1.21584,1.21588,28
GBPUSD,2019-09-02 05:01:00,1.21587,1.21587,1.21567,1.21577,55
GBPUSD,2019-09-02 05:02:00,1.21576,1.21579,1.21573,1.21578,28
GBPUSD,2019-09-02 05:03:00,1.21579,1.21589,1.21577,1.21587,33
GBPUSD,2019-09-02 05:04:00,1.21586,1.21591,1.21576,1.21587,42
GBPUSD,2019-09-02 05:05:00,1.21586,1.21587,1.21575,1.21579,33
GBPUSD,2019-09-02 05:06:00,1.21578,1.21580,1.21578,1.21580,11
GBPUSD,2019-09-02 05:07:00,1.21579,1.21582,1.21579,1.21580,31
GBPUSD,2019-09-02 05:08:00,1.21579,1.21581,1.21575,1.21575,17
GBPUSD,2019-09-02 05:09:00,1.21576,1.21589,1.21575,1.21589,28
GBPUSD,2019-09-02 05:10:00,1.21588,1.21589,1.21586,1.21587,33
GBPUSD,2019-09-02 05:11:00,1.21588,1.21590,1.21588,1.21589,16
GBPUSD,2019-09-02 05:12:00,1.21588,1.21598,1.21587,1.21593,44
GBPUSD,2019-09-02 05:13:00,1.21591,1.21594,1.21583,1.21589,58
GBPUSD,2019-09-02 05:14:00,1.21590,1.21591,1.21588,1.21588,35
GBPUSD,2019-09-02 05:15:00,1.21589,1.21590,1.21588,1.21589,26
GBPUSD,2019-09-02 05:16:00,1.21588,1.21590,1.21585,1.21586,17
GBPUSD,2019-09-02 05:17:00,1.21585,1.21586,1.21584,1.21586,22
GBPUSD,2019-09-02 05:18:00,1.21585,1.21599,1.21584,1.21598,31
GBPUSD,2019-09-02 05:19:00,1.21597,1.21598,1.21591,1.21596,33
GBPUSD,2019-09-02 05:20:00,1.21595,1.21600,1.21588,1.21597,58
GBPUSD,2019-09-02 05:21:00,1.21596,1.21598,1.21582,1.21589,55
GBPUSD,2019-09-02 05:22:00,1.21588,1.21590,1.21582,1.21583,47
GBPUSD,2019-09-02 05:23:00,1.21586,1.21590,1.21584,1.21588,42
GBPUSD,2019-09-02 05:24:00,1.21584,1.21589,1.21582,1.21587,62
GBPUSD,2019-09-02 05:25:00,1.21586,1.21591,1.21583,1.21583,51
GBPUSD,2019-09-02 05:26:00,1.21582,1.21590,1.21582,1.21583,34
GBPUSD,2019-09-02 05:27:00,1.21582,1.21589,1.21582,1.21588,27
GBPUSD,2019-09-02 05:28:00,1.21589,1.21590,1.21587,1.21588,37
GBPUSD,2019-09-02 05:29:00,1.21587,1.21590,1.21587,1.21590,22
GBPUSD,2019-09-02 05:30:00,1.21589,1.21590,1.21583,1.21585,52
GBPUSD,2019-09-02 05:31:00,1.21584,1.21590,1.21584,1.21586,56
GBPUSD,2019-09-02 05:32:00,1.21585,1.21593,1.21584,1.21591,45
GBPUSD,2019-09-02 05:33:00,1.21595,1.21598,1.21592,1.21593,70
GBPUSD,2019-09-02 05:34:00,1.21594,1.21600,1.21592,1.21595,50
GBPUSD,2019-09-02 05:35:00,1.21596,1.21602,1.21594,1.21597,36
GBPUSD,2019-09-02 05:36:00,1.21602,1.21609,1.21600,1.21608,88
GBPUSD,2019-09-02 05:37:00,1.21607,1.21609,1.21607,1.21608,40
GBPUSD,2019-09-02 05:38:00,1.21607,1.21610,1.21604,1.21609,35
GBPUSD,2019-09-02 05:39:00,1.21610,1.21620,1.21608,1.21619,60
GBPUSD,2019-09-02 05:40:00,1.21618,1.21619,1.21609,1.21610,68
GBPUSD,2019-09-02 05:41:00,1.21609,1.21611,1.21609,1.21610,23
GBPUSD,2019-09-02 05:42:00,1.21609,1.21611,1.21609,1.21609,21
GBPUSD,2019-09-02 05:43:00,1.21608,1.21611,1.21607,1.21609,22
GBPUSD,2019-09-02 05:44:00,1.21608,1.21609,1.21607,1.21607,36
GBPUSD,2019-09-02 05:45:00,1.21608,1.21610,1.21605,1.21605,19
GBPUSD,2019-09-02 05:46:00,1.21608,1.21610,1.21604,1.21610,18
GBPUSD,2019-09-02 05:47:00,1.21609,1.21610,1.21606,1.21610,23
GBPUSD,2019-09-02 05:48:00,1.21609,1.21612,1.21603,1.21604,30
GBPUSD,2019-09-02 05:49:00,1.21607,1.21611,1.21604,1.21609,22
GBPUSD,2019-09-02 05:50:00,1.21610,1.21611,1.21606,1.21609,20
GBPUSD,2019-09-02 05:51:00,1.21608,1.21611,1.21608,1.21610,17
GBPUSD,2019-09-02 05:52:00,1.21611,1.21611,1.21605,1.21610,40
GBPUSD,2019-09-02 05:53:00,1.21609,1.21620,1.21608,1.21620,24
GBPUSD,2019-09-02 05:54:00,1.21619,1.21620,1.21610,1.21619,59
GBPUSD,2019-09-02 05:55:00,1.21618,1.21620,1.21614,1.21616,26
GBPUSD,2019-09-02 05:56:00,1.21617,1.21619,1.21613,1.21615,26
GBPUSD,2019-09-02 05:57:00,1.21614,1.21619,1.21614,1.21619,17
GBPUSD,2019-09-02 05:58:00,1.21618,1.21619,1.21612,1.21618,34
GBPUSD,2019-09-02 05:59:00,1.21619,1.21621,1.21612,1.21620,39
GBPUSD,2019-09-02 06:00:00,1.21621,1.21640,1.21620,1.21640,74
GBPUSD,2019-09-02 06:01:00,1.21639,1.21641,1.21638,1.21640,58
GBPUSD,2019-09-02 06:02:00,1.21639,1.21647,1.21638,1.21639,76
GBPUSD,2019-09-02 06:03:00,1.21640,1.21651,1.21639,1.21650,83
GBPUSD,2019-09-02 06:04:00,1.21651,1.21664,1.21649,1.21658,139
GBPUSD,2019-09-02 06:05:00,1.21659,1.21667,1.21647,1.21667,88
GBPUSD,2019-09-02 06:06:00,1.21666,1.21670,1.21658,1.21667,125
GBPUSD,2019-09-02 06:07:00,1.21668,1.21689,1.21667,1.21684,61
GBPUSD,2019-09-02 06:08:00,1.21685,1.21690,1.21682,1.21686,80
GBPUSD,2019-09-02 06:09:00,1.21685,1.21686,1.21668,1.21670,116
GBPUSD,2019-09-02 06:10:00,1.21669,1.21678,1.21669,1.21677,124
GBPUSD,2019-09-02 06:11:00,1.21678,1.21706,1.21675,1.21703,97
GBPUSD,2019-09-02 06:12:00,1.21702,1.21735,1.21702,1.21730,128
GBPUSD,2019-09-02 06:13:00,1.21733,1.21742,1.21716,1.21720,112
GBPUSD,2019-09-02 06:14:00,1.21721,1.21742,1.21718,1.21737,72
GBPUSD,2019-09-02 06:15:00,1.21742,1.21744,1.21715,1.21719,118
GBPUSD,2019-09-02 06:16:00,1.21718,1.21723,1.21710,1.21719,69
GBPUSD,2019-09-02 06:17:00,1.21718,1.21720,1.21715,1.21718,42
GBPUSD,2019-09-02 06:18:00,1.21717,1.21718,1.21703,1.21718,53
GBPUSD,2019-09-02 06:19:00,1.21717,1.21725,1.21710,1.21715,67
GBPUSD,2019-09-02 06:20:00,1.21716,1.21716,1.21685,1.21695,97
GBPUSD,2019-09-02 06:21:00,1.21694,1.21706,1.21679,1.21682,112
GBPUSD,2019-09-02 06:22:00,1.21687,1.21705,1.21684,1.21692,95
GBPUSD,2019-09-02 06:23:00,1.21693,1.21705,1.21686,1.21688,94
GBPUSD,2019-09-02 06:24:00,1.21689,1.21701,1.21685,1.21695,77
GBPUSD,2019-09-02 06:25:00,1.21694,1.21703,1.21685,1.21695,81
GBPUSD,2019-09-02 06:26:00,1.21696,1.21707,1.21695,1.21705,78
GBPUSD,2019-09-02 06:27:00,1.21706,1.21709,1.21705,1.21707,37
GBPUSD,2019-09-02 06:28:00,1.21706,1.21710,1.21706,1.21707,23
GBPUSD,2019-09-02 06:29:00,1.21708,1.21709,1.21699,1.21699,79
GBPUSD,2019-09-02 06:30:00,1.21700,1.21708,1.21685,1.21688,67
GBPUSD,2019-09-02 06:31:00,1.21689,1.21693,1.21668,1.21671,89
GBPUSD,2019-09-02 06:32:00,1.21672,1.21675,1.21658,1.21658,113
GBPUSD,2019-09-02 06:33:00,1.21659,1.21665,1.21639,1.21643,99
GBPUSD,2019-09-02 06:34:00,1.21642,1.21652,1.21637,1.21649,67
GBPUSD,2019-09-02 06:35:00,1.21648,1.21648,1.21627,1.21628,109
GBPUSD,2019-09-02 06:36:00,1.21627,1.21641,1.21614,1.21638,145
GBPUSD,2019-09-02 06:37:00,1.21637,1.21639,1.21628,1.21631,120
GBPUSD,2019-09-02 06:38:00,1.21630,1.21640,1.21622,1.21639,86
GBPUSD,2019-09-02 06:39:00,1.21640,1.21668,1.21639,1.21662,100
GBPUSD,2019-09-02 06:40:00,1.21661,1.21666,1.21656,1.21662,100
GBPUSD,2019-09-02 06:41:00,1.21661,1.21698,1.21661,1.21691,132
GBPUSD,2019-09-02 06:42:00,1.21690,1.21692,1.21661,1.21662,136
GBPUSD,2019-09-02 06:43:00,1.21661,1.21669,1.21650,1.21668,156
GBPUSD,2019-09-02 06:44:00,1.21667,1.21670,1.21648,1.21648,148
GBPUSD,2019-09-02 06:45:00,1.21650,1.21663,1.21641,1.21658,143
GBPUSD,2019-09-02 06:46:00,1.21659,1.21659,1.21652,1.21653,89
GBPUSD,2019-09-02 06:47:00,1.21654,1.21654,1.21623,1.21629,137
GBPUSD,2019-09-02 06:48:00,1.21628,1.21656,1.21628,1.21655,92
GBPUSD,2019-09-02 06:49:00,1.21653,1.21663,1.21649,1.21652,111
GBPUSD,2019-09-02 06:50:00,1.21653,1.21662,1.21648,1.21649,83
GBPUSD,2019-09-02 06:51:00,1.21650,1.21660,1.21649,1.21659,47
GBPUSD,2019-09-02 06:52:00,1.21658,1.21661,1.21655,1.21660,43
GBPUSD,2019-09-02 06:53:00,1.21661,1.21674,1.21660,1.21673,109
GBPUSD,2019-09-02 06:54:00,1.21672,1.21674,1.21662,1.21662,85
GBPUSD,2019-09-02 06:55:00,1.21657,1.21664,1.21648,1.21657,79
GBPUSD,2019-09-02 06:56:00,1.21658,1.21659,1.21630,1.21640,104
GBPUSD,2019-09-02 06:57:00,1.21639,1.21640,1.21607,1.21618,165
GBPUSD,2019-09-02 06:58:00,1.21616,1.21617,1.21603,1.21607,161
GBPUSD,2019-09-02 06:59:00,1.21606,1.21617,1.21600,1.21603,154
GBPUSD,2019-09-02 07:00:00,1.21606,1.21628,1.21586,1.21599,214
GBPUSD,2019-09-02 07:01:00,1.21600,1.21600,1.21588,1.21597,159
GBPUSD,2019-09-02 07:02:00,1.21596,1.21599,1.21578,1.21582,141
GBPUSD,2019-09-02 07:03:00,1.21581,1.21586,1.21565,1.21578,140
GBPUSD,2019-09-02 07:04:00,1.21579,1.21581,1.21571,1.21574,104
GBPUSD,2019-09-02 07:05:00,1.21573,1.21612,1.21573,1.21612,120
GBPUSD,2019-09-02 07:06:00,1.21610,1.21622,1.21605,1.21620,225
GBPUSD,2019-09-02 07:07:00,1.21621,1.21631,1.21615,1.21628,122
GBPUSD,2019-09-02 07:08:00,1.21629,1.21631,1.21618,1.21621,80
GBPUSD,2019-09-02 07:09:00,1.21620,1.21631,1.21615,1.21626,85
GBPUSD,2019-09-02 07:10:00,1.21627,1.21632,1.21623,1.21629,59
GBPUSD,2019-09-02 07:11:00,1.21630,1.21630,1.21621,1.21622,36
GBPUSD,2019-09-02 07:12:00,1.21620,1.21621,1.21607,1.21609,83
GBPUSD,2019-09-02 07:13:00,1.21608,1.21609,1.21551,1.21555,247
GBPUSD,2019-09-02 07:14:00,1.21554,1.21581,1.21554,1.21563,171
GBPUSD,2019-09-02 07:15:00,1.21562,1.21609,1.21560,1.21605,220
GBPUSD,2019-09-02 07:16:00,1.21606,1.21620,1.21596,1.21613,203
GBPUSD,2019-09-02 07:17:00,1.21614,1.21618,1.21585,1.21593,134
GBPUSD,2019-09-02 07:18:00,1.21594,1.21622,1.21593,1.21619,110
GBPUSD,2019-09-02 07:19:00,1.21620,1.21620,1.21585,1.21585,141
GBPUSD,2019-09-02 07:20:00,1.21586,1.21601,1.21581,1.21598,91
GBPUSD,2019-09-02 07:21:00,1.21599,1.21607,1.21584,1.21585,118
GBPUSD,2019-09-02 07:22:00,1.21586,1.21590,1.21566,1.21576,102
GBPUSD,2019-09-02 07:23:00,1.21577,1.21595,1.21573,1.21589,175
GBPUSD,2019-09-02 07:24:00,1.21588,1.21589,1.21564,1.21577,117
GBPUSD,2019-09-02 07:25:00,1.21578,1.21580,1.21544,1.21544,154
GBPUSD,2019-09-02 07:26:00,1.21545,1.21546,1.21516,1.21527,132
GBPUSD,2019-09-02 07:27:00,1.21528,1.21529,1.21513,1.21528,62
GBPUSD,2019-09-02 07:28:00,1.21529,1.21548,1.21520,1.21536,125
GBPUSD,2019-09-02 07:29:00,1.21535,1.21540,1.21521,1.21536,138
GBPUSD,2019-09-02 07:30:00,1.21535,1.21536,1.21494,1.21498,183
GBPUSD,2019-09-02 07:31:00,1.21497,1.21508,1.21492,1.21500,133
GBPUSD,2019-09-02 07:32:00,1.21501,1.21518,1.21493,1.21494,214
GBPUSD,2019-09-02 07:33:00,1.21493,1.21497,1.21466,1.21497,279
GBPUSD,2019-09-02 07:34:00,1.21495,1.21506,1.21486,1.21500,223
GBPUSD,2019-09-02 07:35:00,1.21499,1.21526,1.21499,1.21520,158
GBPUSD,2019-09-02 07:36:00,1.21521,1.21521,1.21501,1.21502,167
GBPUSD,2019-09-02 07:37:00,1.21501,1.21508,1.21465,1.21479,198
GBPUSD,2019-09-02 07:38:00,1.21480,1.21485,1.21465,1.21478,112
GBPUSD,2019-09-02 07:39:00,1.21479,1.21486,1.21474,1.21480,75
GBPUSD,2019-09-02 07:40:00,1.21479,1.21488,1.21465,1.21468,188
GBPUSD,2019-09-02 07:41:00,1.21467,1.21479,1.21464,1.21466,191
GBPUSD,2019-09-02 07:42:00,1.21465,1.21470,1.21443,1.21444,140
GBPUSD,2019-09-02 07:43:00,1.21445,1.21451,1.21434,1.21445,181
GBPUSD,2019-09-02 07:44:00,1.21442,1.21446,1.21413,1.21418,285
GBPUSD,2019-09-02 07:45:00,1.21419,1.21437,1.21415,1.21437,231
GBPUSD,2019-09-02 07:46:00,1.21436,1.21437,1.21413,1.21414,96
GBPUSD,2019-09-02 07:47:00,1.21413,1.21418,1.21375,1.21401,152
GBPUSD,2019-09-02 07:48:00,1.21400,1.21409,1.21383,1.21405,181
GBPUSD,2019-09-02 07:49:00,1.21404,1.21404,1.21377,1.21381,205
GBPUSD,2019-09-02 07:50:00,1.21380,1.21396,1.21375,1.21380,286
GBPUSD,2019-09-02 07:51:00,1.21379,1.21380,1.21331,1.21339,257
GBPUSD,2019-09-02 07:52:00,1.21340,1.21363,1.21336,1.21339,177
GBPUSD,2019-09-02 07:53:00,1.21338,1.21343,1.21328,1.21330,229
GBPUSD,2019-09-02 07:54:00,1.21329,1.21337,1.21291,1.21305,401
GBPUSD,2019-09-02 07:55:00,1.21304,1.21317,1.21295,1.21315,263
GBPUSD,2019-09-02 07:56:00,1.21316,1.21329,1.21309,1.21328,195
GBPUSD,2019-09-02 07:57:00,1.21329,1.21332,1.21305,1.21308,149
GBPUSD,2019-09-02 07:58:00,1.21309,1.21315,1.21275,1.21281,239
GBPUSD,2019-09-02 07:59:00,1.21280,1.21292,1.21268,1.21282,272
GBPUSD,2019-09-02 08:00:00,1.21277,1.21287,1.21247,1.21248,223
GBPUSD,2019-09-02 08:01:00,1.21251,1.21251,1.21239,1.21247,172
GBPUSD,2019-09-02 08:02:00,1.21246,1.21255,1.21226,1.21228,377
GBPUSD,2019-09-02 08:03:00,1.21227,1.21232,1.21223,1.21226,104
GBPUSD,2019-09-02 08:04:00,1.21222,1.21260,1.21221,1.21235,213
GBPUSD,2019-09-02 08:05:00,1.21234,1.21262,1.21231,1.21261,173
GBPUSD,2019-09-02 08:06:00,1.21263,1.21263,1.21233,1.21238,200
GBPUSD,2019-09-02 08:07:00,1.21239,1.21250,1.21225,1.21234,260
GBPUSD,2019-09-02 08:08:00,1.21233,1.21233,1.21147,1.21156,304
GBPUSD,2019-09-02 08:09:00,1.21155,1.21155,1.21035,1.21036,586
GBPUSD,2019-09-02 08:10:00,1.21035,1.21090,1.21032,1.21067,374
GBPUSD,2019-09-02 08:11:00,1.21066,1.21118,1.21066,1.21118,260
GBPUSD,2019-09-02 08:12:00,1.21116,1.21119,1.21100,1.21106,151
GBPUSD,2019-09-02 08:13:00,1.21108,1.21112,1.21094,1.21101,189
GBPUSD,2019-09-02 08:14:00,1.21102,1.21121,1.21084,1.21102,240
GBPUSD,2019-09-02 08:15:00,1.21101,1.21104,1.21071,1.21082,294
GBPUSD,2019-09-02 08:16:00,1.21083,1.21093,1.21076,1.21086,205
GBPUSD,2019-09-02 08:17:00,1.21085,1.21131,1.21085,1.21116,200
GBPUSD,2019-09-02 08:18:00,1.21120,1.21122,1.21086,1.21087,193
GBPUSD,2019-09-02 08:19:00,1.21086,1.21087,1.21072,1.21077,254
GBPUSD,2019-09-02 08:20:00,1.21078,1.21091,1.21076,1.21079,190
GBPUSD,2019-09-02 08:21:00,1.21078,1.21082,1.21073,1.21079,147
GBPUSD,2019-09-02 08:22:00,1.21080,1.21082,1.21068,1.21074,204
GBPUSD,2019-09-02 08:23:00,1.21075,1.21080,1.21063,1.21070,180
GBPUSD,2019-09-02 08:24:00,1.21069,1.21070,1.20927,1.20973,412
GBPUSD,2019-09-02 08:25:00,1.20971,1.20975,1.20943,1.20947,382
GBPUSD,2019-09-02 08:26:00,1.20948,1.20974,1.20945,1.20946,208
GBPUSD,2019-09-02 08:27:00,1.20945,1.20980,1.20931,1.20965,227
GBPUSD,2019-09-02 08:28:00,1.20967,1.21014,1.20959,1.20988,230
GBPUSD,2019-09-02 08:29:00,1.20986,1.21008,1.20983,1.20994,369
GBPUSD,2019-09-02 08:30:00,1.20991,1.21017,1.20972,1.21008,411
GBPUSD,2019-09-02 08:31:00,1.21007,1.21015,1.20996,1.21015,122
GBPUSD,2019-09-02 08:32:00,1.21016,1.21055,1.21016,1.21026,274
GBPUSD,2019-09-02 08:33:00,1.21027,1.21031,1.21015,1.21017,213
GBPUSD,2019-09-02 08:34:00,1.21010,1.21038,1.21010,1.21037,208
GBPUSD,2019-09-02 08:35:00,1.21041,1.21084,1.21039,1.21084,292
GBPUSD,2019-09-02 08:36:00,1.21083,1.21084,1.21020,1.21028,294
GBPUSD,2019-09-02 08:37:00,1.21027,1.21027,1.20996,1.21001,186
GBPUSD,2019-09-02 08:38:00,1.21000,1.21009,1.20995,1.20997,209
GBPUSD,2019-09-02 08:39:00,1.20998,1.21002,1.20994,1.20996,192
GBPUSD,2019-09-02 08:40:00,1.20997,1.20997,1.20948,1.20950,221
GBPUSD,2019-09-02 08:41:00,1.20949,1.20964,1.20917,1.20960,329
GBPUSD,2019-09-02 08:42:00,1.20959,1.20987,1.20956,1.20968,179
GBPUSD,2019-09-02 08:43:00,1.20967,1.20980,1.20963,1.20975,171
GBPUSD,2019-09-02 08:44:00,1.20974,1.21024,1.20973,1.21022,261
GBPUSD,2019-09-02 08:45:00,1.21023,1.21023,1.20976,1.20987,335
GBPUSD,2019-09-02 08:46:00,1.20988,1.20995,1.20984,1.20989,212
GBPUSD,2019-09-02 08:47:00,1.20988,1.20990,1.20972,1.20975,158
GBPUSD,2019-09-02 08:48:00,1.20974,1.20975,1.20952,1.20955,159
GBPUSD,2019-09-02 08:49:00,1.20956,1.20995,1.20954,1.20959,202
GBPUSD,2019-09-02 08:50:00,1.20958,1.20959,1.20927,1.20937,311
GBPUSD,2019-09-02 08:51:00,1.20936,1.20938,1.20926,1.20934,176
GBPUSD,2019-09-02 08:52:00,1.20933,1.20951,1.20930,1.20946,207
GBPUSD,2019-09-02 08:53:00,1.20945,1.20946,1.20910,1.20917,209
GBPUSD,2019-09-02 08:54:00,1.20918,1.20934,1.20881,1.20881,236
GBPUSD,2019-09-02 08:55:00,1.20882,1.20883,1.20748,1.20800,521
GBPUSD,2019-09-02 08:56:00,1.20799,1.20841,1.20794,1.20807,363
GBPUSD,2019-09-02 08:57:00,1.20808,1.20851,1.20807,1.20829,291
GBPUSD,2019-09-02 08:58:00,1.20830,1.20830,1.20809,1.20825,152
GBPUSD,2019-09-02 08:59:00,1.20821,1.20849,1.20816,1.20840,140
GBPUSD,2019-09-02 09:00:00,1.20839,1.20850,1.20791,1.20793,230
GBPUSD,2019-09-02 09:01:00,1.20791,1.20792,1.20753,1.20770,305
GBPUSD,2019-09-02 09:02:00,1.20769,1.20797,1.20758,1.20795,338
GBPUSD,2019-09-02 09:03:00,1.20796,1.20809,1.20793,1.20806,199
GBPUSD,2019-09-02 09:04:00,1.20807,1.20855,1.20787,1.20850,334
GBPUSD,2019-09-02 09:05:00,1.20849,1.20867,1.20827,1.20854,273
GBPUSD,2019-09-02 09:06:00,1.20853,1.20864,1.20813,1.20846,292
GBPUSD,2019-09-02 09:07:00,1.20847,1.20903,1.20834,1.20902,314
GBPUSD,2019-09-02 09:08:00,1.20901,1.20925,1.20896,1.20917,339
GBPUSD,2019-09-02 09:09:00,1.20916,1.20916,1.20873,1.20873,275
GBPUSD,2019-09-02 09:10:00,1.20874,1.20874,1.20845,1.20855,231
GBPUSD,2019-09-02 09:11:00,1.20856,1.20857,1.20830,1.20835,205
GBPUSD,2019-09-02 09:12:00,1.20834,1.20873,1.20834,1.20854,195
GBPUSD,2019-09-02 09:13:00,1.20853,1.20879,1.20837,1.20877,185
GBPUSD,2019-09-02 09:14:00,1.20878,1.20907,1.20878,1.20896,216
GBPUSD,2019-09-02 09:15:00,1.20895,1.20928,1.20852,1.20928,237
GBPUSD,2019-09-02 09:16:00,1.20927,1.20938,1.20907,1.20920,179
GBPUSD,2019-09-02 09:17:00,1.20921,1.20921,1.20891,1.20906,311
GBPUSD,2019-09-02 09:18:00,1.20905,1.20919,1.20901,1.20915,262
GBPUSD,2019-09-02 09:19:00,1.20913,1.20913,1.20878,1.20881,251
GBPUSD,2019-09-02 09:20:00,1.20882,1.20883,1.20873,1.20876,178
GBPUSD,2019-09-02 09:21:00,1.20875,1.20896,1.20873,1.20894,128
GBPUSD,2019-09-02 09:22:00,1.20893,1.20902,1.20871,1.20883,206
GBPUSD,2019-09-02 09:23:00,1.20882,1.20898,1.20879,1.20897,155
GBPUSD,2019-09-02 09:24:00,1.20896,1.20896,1.20880,1.20882,243
GBPUSD,2019-09-02 09:25:00,1.20881,1.20889,1.20838,1.20848,278
GBPUSD,2019-09-02 09:26:00,1.20847,1.20854,1.20839,1.20841,234
GBPUSD,2019-09-02 09:27:00,1.20842,1.20848,1.20828,1.20830,191
GBPUSD,2019-09-02 09:28:00,1.20826,1.20837,1.20818,1.20825,213
GBPUSD,2019-09-02 09:29:00,1.20824,1.20865,1.20818,1.20865,262
GBPUSD,2019-09-02 09:30:00,1.20864,1.20871,1.20855,1.20857,163
GBPUSD,2019-09-02 09:31:00,1.20856,1.20856,1.20824,1.20824,147
GBPUSD,2019-09-02 09:32:00,1.20825,1.20835,1.20817,1.20835,278
GBPUSD,2019-09-02 09:33:00,1.20836,1.20846,1.20805,1.20844,274
GBPUSD,2019-09-02 09:34:00,1.20843,1.20875,1.20840,1.20866,221
GBPUSD,2019-09-02 09:35:00,1.20865,1.20867,1.20856,1.20860,129
GBPUSD,2019-09-02 09:36:00,1.20859,1.20867,1.20856,1.20857,76
GBPUSD,2019-09-02 09:37:00,1.20858,1.20858,1.20809,1.20829,261
GBPUSD,2019-09-02 09:38:00,1.20826,1.20840,1.20823,1.20829,331
GBPUSD,2019-09-02 09:39:00,1.20828,1.20846,1.20828,1.20841,288
GBPUSD,2019-09-02 09:40:00,1.20839,1.20856,1.20838,1.20847,214
GBPUSD,2019-09-02 09:41:00,1.20848,1.20852,1.20841,1.20846,106
GBPUSD,2019-09-02 09:42:00,1.20847,1.20866,1.20845,1.20850,145
GBPUSD,2019-09-02 09:43:00,1.20851,1.20853,1.20827,1.20838,215
GBPUSD,2019-09-02 09:44:00,1.20835,1.20839,1.20826,1.20830,315
GBPUSD,2019-09-02 09:45:00,1.20829,1.20832,1.20791,1.20822,256
GBPUSD,2019-09-02 09:46:00,1.20821,1.20832,1.20812,1.20818,138
GBPUSD,2019-09-02 09:47:00,1.20819,1.20832,1.20813,1.20830,92
GBPUSD,2019-09-02 09:48:00,1.20831,1.20837,1.20817,1.20817,147
GBPUSD,2019-09-02 09:49:00,1.20819,1.20851,1.20818,1.20838,196
GBPUSD,2019-09-02 09:50:00,1.20839,1.20848,1.20828,1.20829,222
GBPUSD,2019-09-02 09:51:00,1.20830,1.20839,1.20825,1.20827,223
GBPUSD,2019-09-02 09:52:00,1.20826,1.20837,1.20826,1.20836,175
GBPUSD,2019-09-02 09:53:00,1.20838,1.20840,1.20833,1.20835,176
GBPUSD,2019-09-02 09:54:00,1.20834,1.20835,1.20824,1.20831,103
GBPUSD,2019-09-02 09:55:00,1.20830,1.20839,1.20827,1.20835,215
GBPUSD,2019-09-02 09:56:00,1.20836,1.20844,1.20830,1.20841,211
GBPUSD,2019-09-02 09:57:00,1.20842,1.20842,1.20826,1.20831,185
GBPUSD,2019-09-02 09:58:00,1.20832,1.20854,1.20829,1.20848,223
GBPUSD,2019-09-02 09:59:00,1.20847,1.20852,1.20835,1.20836,187
GBPUSD,2019-09-02 10:00:00,1.20837,1.20850,1.20835,1.20840,215
GBPUSD,2019-09-02 10:01:00,1.20841,1.20842,1.20834,1.20839,145
GBPUSD,2019-09-02 10:02:00,1.20840,1.20842,1.20827,1.20828,91
GBPUSD,2019-09-02 10:03:00,1.20829,1.20834,1.20816,1.20822,205
GBPUSD,2019-09-02 10:04:00,1.20821,1.20824,1.20798,1.20803,156
GBPUSD,2019-09-02 10:05:00,1.20802,1.20802,1.20795,1.20796,84
GBPUSD,2019-09-02 10:06:00,1.20792,1.20800,1.20792,1.20796,76
GBPUSD,2019-09-02 10:07:00,1.20795,1.20795,1.20752,1.20770,178
GBPUSD,2019-09-02 10:08:00,1.20771,1.20773,1.20754,1.20763,230
GBPUSD,2019-09-02 10:09:00,1.20762,1.20783,1.20736,1.20778,234
GBPUSD,2019-09-02 10:10:00,1.20779,1.20817,1.20779,1.20804,292
GBPUSD,2019-09-02 10:11:00,1.20805,1.20805,1.20787,1.20798,215
GBPUSD,2019-09-02 10:12:00,1.20799,1.20812,1.20787,1.20800,248
GBPUSD,2019-09-02 10:13:00,1.20799,1.20801,1.20788,1.20789,175
GBPUSD,2019-09-02 10:14:00,1.20788,1.20789,1.20765,1.20776,216
GBPUSD,2019-09-02 10:15:00,1.20777,1.20821,1.20776,1.20815,235
GBPUSD,2019-09-02 10:16:00,1.20814,1.20838,1.20813,1.20832,186
GBPUSD,2019-09-02 10:17:00,1.20831,1.20832,1.20810,1.20811,152
GBPUSD,2019-09-02 10:18:00,1.20812,1.20818,1.20807,1.20810,249
GBPUSD,2019-09-02 10:19:00,1.20811,1.20820,1.20793,1.20819,231
GBPUSD,2019-09-02 10:20:00,1.20820,1.20822,1.20808,1.20820,166
GBPUSD,2019-09-02 10:21:00,1.20821,1.20821,1.20809,1.20809,131
GBPUSD,2019-09-02 10:22:00,1.20810,1.20810,1.20788,1.20799,186
GBPUSD,2019-09-02 10:23:00,1.20800,1.20811,1.20796,1.20797,213
GBPUSD,2019-09-02 10:24:00,1.20798,1.20811,1.20797,1.20802,265
GBPUSD,2019-09-02 10:25:00,1.20803,1.20814,1.20801,1.20807,88
GBPUSD,2019-09-02 10:26:00,1.20808,1.20811,1.20789,1.20798,154
GBPUSD,2019-09-02 10:27:00,1.20799,1.20808,1.20790,1.20790,157
GBPUSD,2019-09-02 10:28:00,1.20795,1.20807,1.20790,1.20800,203
GBPUSD,2019-09-02 10:29:00,1.20801,1.20814,1.20798,1.20813,129
GBPUSD,2019-09-02 10:30:00,1.20811,1.20821,1.20805,1.20810,182
GBPUSD,2019-09-02 10:31:00,1.20811,1.20813,1.20787,1.20800,233
GBPUSD,2019-09-02 10:32:00,1.20799,1.20799,1.20779,1.20783,318
GBPUSD,2019-09-02 10:33:00,1.20782,1.20785,1.20769,1.20770,187
GBPUSD,2019-09-02 10:34:00,1.20769,1.20780,1.20768,1.20774,197
GBPUSD,2019-09-02 10:35:00,1.20773,1.20776,1.20760,1.20768,140
GBPUSD,2019-09-02 10:36:00,1.20769,1.20776,1.20743,1.20754,232
GBPUSD,2019-09-02 10:37:00,1.20753,1.20755,1.20748,1.20753,157
GBPUSD,2019-09-02 10:38:00,1.20752,1.20756,1.20744,1.20750,181
GBPUSD,2019-09-02 10:39:00,1.20751,1.20789,1.20750,1.20789,220
GBPUSD,2019-09-02 10:40:00,1.20788,1.20804,1.20786,1.20803,113
GBPUSD,2019-09-02 10:41:00,1.20804,1.20804,1.20777,1.20778,110
GBPUSD,2019-09-02 10:42:00,1.20779,1.20786,1.20745,1.20747,123
GBPUSD,2019-09-02 10:43:00,1.20746,1.20762,1.20745,1.20761,98
GBPUSD,2019-09-02 10:44:00,1.20760,1.20786,1.20754,1.20779,169
GBPUSD,2019-09-02 10:45:00,1.20780,1.20788,1.20777,1.20778,106
GBPUSD,2019-09-02 10:46:00,1.20777,1.20778,1.20757,1.20761,159
GBPUSD,2019-09-02 10:47:00,1.20763,1.20773,1.20759,1.20762,166
GBPUSD,2019-09-02 10:48:00,1.20760,1.20760,1.20713,1.20731,251
GBPUSD,2019-09-02 10:49:00,1.20730,1.20730,1.20725,1.20726,122
GBPUSD,2019-09-02 10:50:00,1.20725,1.20733,1.20725,1.20730,97
GBPUSD,2019-09-02 10:51:00,1.20729,1.20746,1.20729,1.20740,52
GBPUSD,2019-09-02 10:52:00,1.20739,1.20759,1.20739,1.20759,102
GBPUSD,2019-09-02 10:53:00,1.20760,1.20770,1.20759,1.20768,70
GBPUSD,2019-09-02 10:54:00,1.20769,1.20770,1.20756,1.20758,55
GBPUSD,2019-09-02 10:55:00,1.20759,1.20762,1.20743,1.20749,116
GBPUSD,2019-09-02 10:56:00,1.20748,1.20748,1.20710,1.20711,158
GBPUSD,2019-09-02 10:57:00,1.20712,1.20718,1.20653,1.20706,238
GBPUSD,2019-09-02 10:58:00,1.20707,1.20744,1.20704,1.20730,294
GBPUSD,2019-09-02 10:59:00,1.20727,1.20753,1.20703,1.20743,280
GBPUSD,2019-09-02 11:00:00,1.20740,1.20748,1.20716,1.20740,282
GBPUSD,2019-09-02 11:01:00,1.20739,1.20761,1.20712,1.20723,240
GBPUSD,2019-09-02 11:02:00,1.20722,1.20803,1.20717,1.20786,292
GBPUSD,2019-09-02 11:03:00,1.20785,1.20973,1.20785,1.20960,484
GBPUSD,2019-09-02 11:04:00,1.20959,1.20983,1.20933,1.20946,579
GBPUSD,2019-09-02 11:05:00,1.20947,1.20959,1.20931,1.20949,392
GBPUSD,2019-09-02 11:06:00,1.20947,1.20958,1.20914,1.20937,266
GBPUSD,2019-09-02 11:07:00,1.20936,1.20937,1.20870,1.20873,302
GBPUSD,2019-09-02 11:08:00,1.20874,1.20883,1.20848,1.20852,235
GBPUSD,2019-09-02 11:09:00,1.20851,1.20856,1.20812,1.20815,277
GBPUSD,2019-09-02 11:10:00,1.20814,1.20816,1.20746,1.20764,279
GBPUSD,2019-09-02 11:11:00,1.20765,1.20806,1.20762,1.20783,196
GBPUSD,2019-09-02 11:12:00,1.20784,1.20826,1.20771,1.20806,195
GBPUSD,2019-09-02 11:13:00,1.20805,1.20813,1.20788,1.20796,169
GBPUSD,2019-09-02 11:14:00,1.20797,1.20797,1.20736,1.20762,292
GBPUSD,2019-09-02 11:15:00,1.20760,1.20789,1.20760,1.20776,150
GBPUSD,2019-09-02 11:16:00,1.20777,1.20818,1.20777,1.20809,213
GBPUSD,2019-09-02 11:17:00,1.20808,1.20810,1.20788,1.20804,115
GBPUSD,2019-09-02 11:18:00,1.20803,1.20805,1.20763,1.20769,155
GBPUSD,2019-09-02 11:19:00,1.20770,1.20827,1.20759,1.20820,240
GBPUSD,2019-09-02 11:20:00,1.20821,1.20821,1.20812,1.20816,127
GBPUSD,2019-09-02 11:21:00,1.20817,1.20845,1.20816,1.20841,95
GBPUSD,2019-09-02 11:22:00,1.20842,1.20859,1.20839,1.20848,177
GBPUSD,2019-09-02 11:23:00,1.20849,1.20864,1.20841,1.20844,133
GBPUSD,2019-09-02 11:24:00,1.20845,1.20887,1.20842,1.20874,219
GBPUSD,2019-09-02 11:25:00,1.20873,1.20888,1.20868,1.20887,146
GBPUSD,2019-09-02 11:26:00,1.20886,1.20887,1.20874,1.20877,67
GBPUSD,2019-09-02 11:27:00,1.20878,1.20881,1.20867,1.20868,134
GBPUSD,2019-09-02 11:28:00,1.20867,1.20918,1.20859,1.20894,172
GBPUSD,2019-09-02 11:29:00,1.20895,1.20937,1.20884,1.20924,232
GBPUSD,2019-09-02 11:30:00,1.20925,1.20939,1.20906,1.20933,219
GBPUSD,2019-09-02 11:31:00,1.20932,1.20947,1.20929,1.20947,190
GBPUSD,2019-09-02 11:32:00,1.20948,1.20966,1.20934,1.20948,211
GBPUSD,2019-09-02 11:33:00,1.20947,1.20980,1.20937,1.20980,295
GBPUSD,2019-09-02 11:34:00,1.20979,1.20980,1.20958,1.20971,265
